通し番号	作業番号	作業ファイル	申込番号	店舗種別	施設名称	施設所在地	施設ホームページURL
12390	12400	1	59930981	スナック	ちょこっと	〒5810085 大阪府 八尾市安中町４丁目４－９	
25501	1726	職	50768304	居酒屋	赤とんぼ	〒557-0002 大阪府 大阪市西成区 太子1-15-1	
12185	12195	1	98857714	イタリア料理	イルピノーロ梅田	〒530-0001 大阪府 大阪市北区 梅田2－2－2ヒルトンプラザウエスト５Ｆ	
23669	23691	1	76526923	中華料理	ミンミン地下鉄我孫子店	〒558-0011 大阪府 住吉区 苅田7-9-8	
27325	3550	職	56397713	居酒屋	磯銀	〒541-0046 大阪府 大阪市中央区 平野町４丁目８－５ １Ｆ	
5225	5232	1	55870217	和食	居酒屋ばす亭	〒579-8058 大阪府 東大阪市 神田町5-10フォーシーズンズコートビルB1	
33913	6356	2	41526899	カレー屋	カレーハウスCOCO壱番屋　十三駅西口店	〒532-0024 大阪府 大阪市淀川区 十三本町1-10-18	
33567	6010	2	99958022	BAR	バーチタチタ	〒550-0012 大阪府 大阪市西区立売堀1丁目7番2号	https://www.craft-ism.com/barcitacita/
46779	316	6	55533684	BAR	U.N.逢縁Osaka	〒542-0083 大阪府 大阪市中央区 東心斎橋2-2-7 タワーエステートビル9B	https://owenosaka.com/
45610	776	4	17670135	寿司屋	おらんく家本通3号店	〒530-0002 大阪府 大阪市北区 曽根崎新地1-6-15ニューセントラルビル1F	http://www.mark-corp.co.jp/orankuya/contact.php#nishiten
29766	2204	2	90364054	その他	中央電気倶楽部事業所	〒530-0004 大阪府 大阪市北区 堂島浜2-1-25	
45116	280	4	70502493	カフェ・喫茶店	遊	〒572-0816 大阪府 寝屋川市 河北中町８－３０	
42294	560	3	31048964	イタリア料理	A LA CIVETTE	〒541-0051 大阪府 大阪市中央区 備後町１丁目４-１３	https://www.a-la-civette.com/
33085	5528	2	66416607	和食	炙り牛たん万りんくう泉南	〒590-0535 大阪府 泉南市 りんくう南浜	
18982	19002	1	84275157	ラーメン	味千拉麺OMM店	〒540-0008 大阪府 大阪市中央区 大手前7-31OMMビルB2	http://www.aji1000.co.jp/
7823	7831	1	97564840	居酒屋	しゃかりき432゛新福島店	〒553-0003 大阪府 大阪市福島区 福島3-6-15	
9847	9855	1	43323013	居酒屋	とまり木432゛	〒553-0003 大阪府 大阪市福島区 福島2-6-8	
9837	9845	1	35352067	居酒屋	しゃかりき432゛堂山店	〒530-0027 大阪府 大阪市北区 堂山町10-15	
19075	19095	1	38579598	居酒屋	とつぁん京橋店	〒534-0023 大阪府 大阪市都島区 都島南通２丁目５番１７号	https://tabelog.com/osaka/A2701/A270107/27012742/
26072	2297	職	59280578	中華料理	餃子の王将日本橋でんでんタウン店	〒556-0005 大阪府 大阪市浪速区 日本橋５丁目１８番２５号アリタビル１階	https://www.osho.co.jp
33341	5784	2	36950312	アジア料理	全州味家	〒544-0031 大阪府 大阪市生野区 鶴橋２丁目３番５号	
39876	12324	2	28374631	その他	やよい軒天六店	〒531-0041 大阪府 大阪市北区 天神橋7丁目2番6号	
6433	6440	1	95992351	その他	un polpo	〒533-0004 大阪府 大阪市東淀川区 小松4-12-25	
23983	208	職	76327475	居酒屋	王道居酒屋のりを江坂店	〒564-0063 大阪府 吹田市 江坂町1-23-37グウビル2階	
34553	6996	2	43586717	スナック	カラオケ　春樹	〒547-0024 大阪府 大阪市平野区 瓜破１－５－６	
40109	12557	2	45362777	寿司屋	スシロー　大東店	〒574-0044 大阪府 大東市 諸福8-2-20	https://www.akindo-sushiro.co.jp/shop/detail.php?id=2
18431	18449	1	24156424	中華料理	熱香森（ラシャンセン）	〒550-0003 大阪府 大阪市西区京町堀 １－８－１１　ラクメンビル１階	https://www.la-shang-sen.jp/
23843	68	職	41953154	うどん	極楽うどんＴＫＵ	〒530-0001 大阪府 大阪市北区 梅田３－１－３ルクア大阪１０階	http://gokurakuudon.com/
22054	22076	1	73788261	カフェ・喫茶店	グーテ	〒530-0001 大阪府 大阪市北区 梅田３丁目１番１号	https://a-1bakery.co.jp/shop/1069
17219	17237	1	88298411	居酒屋	乾坤一擲	〒530-0002 大阪府 大阪市北区曾根崎新地 2-1-13　曽根崎澤田ビル２階	http://www.kenkonitteki.com/
12814	12824	1	11127140	居酒屋	炉端美酒食堂 炉とマタギ西梅田	〒530-0003 大阪府 大阪市北区 堂島3-4-1	
16148	16166	1	37540049	カフェ・喫茶店	SHIBUYA　PARLOR　LINKS　UMEDA店	〒530-0011 大阪府 大阪市北区大深町1-1ヨドバシ梅田タワー　LINKS　UMEDA　地下1階	https://links-umeda.jp/
17533	17551	1	41228590	ステーキハウス	ハンバーグ＆ステーキBLAdiner	〒530-0011 大阪府 大阪市北区 大深町1番1号　ヨドバシ梅田8階	https://d-diner.net/management/bla.html
18087	18105	1	55670937	その他	SUZUNE GLAMPING BBQ & BEER GARDEN	〒530-0011 大阪府 大阪市北区 大深町１番１号　ヨドバシ梅田タワー1階	https://links-umeda.jp/restaurant/suzune-glamping-bbq-beer-garden/
23295	23317	1	65016284	とんかつ屋	寿々木 大阪店	〒530-0011 大阪府 大阪市北区 大深町４－２０ グランフロント大阪 南館７階	
2062	2066	1	43089357	ステーキハウス	肉屋のビストロtajimayaヨドバシ梅田店	〒530-0011 大阪府 大阪市北区 大深町ヨドバシ梅田ビル8F	
1560	1563	1	81749722	居酒屋	ベジッグ	〒530-0012 大阪府 大阪市北区 芝田1-7-8	
18052	18070	1	62277239	居酒屋	花様 ka-you NU茶屋町	〒530-0013 大阪府 大阪市北区 茶屋町10-12 NU茶屋町B1	https://r.gnavi.co.jp/k752017/
18745	18765	1	66785642	居酒屋	鉄ぱん居酒屋　ここ家	〒530-0017 大阪府 大阪市北区 角田町９番２６号　新梅田食道街２階	
16382	16400	1	56306699	焼き鳥屋	炭焼と和酒ひとしお	〒530-0033 大阪府 大阪市北区 池田町8-6裏天満天神横丁4号	
7926	7934	1	69633986	和食	奈樹	〒530-0041 大阪府 大阪市北区 天神橋6-2-2	
18399	18417	1	31555046	洋食（オムライス等）	七丸	〒530-0047 大阪府 大阪市北区 西天満１－１３－１８	https://tabelog.com/osaka/A2701/A270102/27118382/
21050	21072	1	33945559	イタリア料理	サイゼリヤ梅田OSホテル店	〒530-0057 大阪府 大阪市北区 曽根崎2-11-5	https://www.saizeriya.co.jp/
2313	2317	1	83146721	居酒屋	とりひめ　お初天神店	〒530-0057 大阪府 大阪市北区 曽根崎2丁目13-18	
25513	1738	職	49027865	居酒屋	肴×串すたんど　おぼら	〒531-0041 大阪府 大阪市北区 天神橋7-3-8天六センタービル 2階	
18618	18638	1	92626499	焼肉	焼肉李苑	〒531-0061 大阪府 大阪市北区長柄西 １－７－３１　游湯パークビル　１階	https://www.yakiniku-rien.com
145	145	1	72829647	和食	福島食堂	〒553-0003 大阪府 大阪市福島区 福島7-14-9	
206	206	1	34433287	カフェ・喫茶店	ナルズカフェ	〒567-0888 大阪府 茨木市 駅前4丁目6-16 茨木ｸﾘｴｲﾄｾﾝﾀｰ1F	
296	297	1	96648644	居酒屋	呑み処　やおたみ	〒542-0074 大阪府 大阪市中央区 千日前1-6-20	
374	375	1	43458404	イタリア料理	RISTORANTE FORESTA	〒532-0004 大阪府 大阪市淀川区 西宮原2-7-48	
381	382	1	66641764	和食	食事居酒屋　大音	〒566-0022 大阪府 摂津市 三島３丁目１－３２	
455	456	1	21662423	居酒屋	縁家	〒540-0039 大阪府 大阪市中央区 東高麗橋2-2DENビル1F	
456	457	1	35136926	居酒屋	立呑みハッチ	〒532-0006 大阪府 大阪市淀川区 西三国	
480	481	1	34890371	串かつ屋	串ヤス	〒551-0002 大阪府 大阪市大正区 三軒家東1-3-7	
532	533	1	79575236	和食	大阪クラブ	〒541-0043 大阪府 大阪市中央区 高麗橋3丁目4番10号淀屋橋センタービル15階	
566	567	1	19058604	居酒屋	ひいろ亭	〒558-0014 大阪府 大阪市住吉区 我孫子5丁目1-19	
629	630	1	37503695	焼肉	仔牛亭	〒590-0971 大阪府 堺市堺区 栄橋町1-7-5	
878	881	1	13761273	ファミリーレストラン	風々亭	〒586-0038 大阪府 河内長野市 上原西町15-1	
1016	1019	1	58291076	居酒屋	竹すずめ	〒577-0056 大阪府 東大阪市 長堂1－3－19	
1203	1206	1	50542799	スナック	スナック CRYSTAL	〒580-0033 大阪府 松原市 天美南5ー18ー14ー2F	
1322	1325	1	49953916	居酒屋	ままや	〒580-0021 大阪府 松原市 高見の里4-4-40	
1373	1376	1	15064837	スナック	スナックさくら	〒590-0061 大阪府 堺市堺区 翁橋町1-5-6　グランド翁橋5号館1F	
1520	1523	1	91766951	スナック	CANDY	〒542-0085 大阪府 大阪市中央区 心斎橋筋2-2-3畳屋町ギャラクシービル2F-C	
1555	1558	1	59173384	和食	日本料理うかむ瀬	〒530-0003 大阪府 大阪市北区 堂島1-2-7	
1583	1586	1	97516429	アジア料理	チキンワイルド堺筋本町店	〒541-0057 大阪府 大阪市中央区 北久宝寺町1丁目5-6堺筋本町アーバンライフ１F	
1615	1618	1	90741036	BAR	55	〒542-0083 大阪府 大阪市中央区 東心斎橋2-8-21 日宝畳屋町会館３階　５５	
1695	1698	1	72370202	ラーメン	麺処ほへと	〒547-0035 大阪府 大阪市平野区 西脇１－４－７	
1722	1725	1	32360986	カフェ・喫茶店	カフェ＆バーcocina	〒567-0802 大阪府 茨木市 総持寺駅前町1-36大西ビル１F	
1749	1752	1	41635908	BAR	Ｃａｆｅ＆Ｂａｒ　Ｓｍｉｌｅ	〒583-0024 大阪府 藤井寺市 藤井寺1ー8ー30サングレース藤井寺109	
1992	1996	1	87104323	スナック	vivre	〒542-0083 大阪府 大阪市中央区 東心斎橋1-17-27日宝ニューコロンブスビル503	
1994	1998	1	98158576	BAR	ＴＲＩＳＴＡＲ	〒530-0027 大阪府 大阪市北区 堂山町８－１８　霧島レジャービル４階Ｂ号	
2027	2031	1	35837554	和食	八兵衛	〒581-0003 大阪府 八尾市本町 7丁目10-11クリスタルプラザ2 1階	
2071	2075	1	73314517	居酒屋	土竜	〒592-0011 大阪府 高石市 加茂2丁目31-21	
2074	2078	1	64785561	洋食（オムライス等）	Hang　Out	〒565-0824 大阪府 吹田市 山田西１－２１－ロイヤルハイツ千里２０６	
2083	2087	1	29182597	イタリア料理	Italiano BACCO	〒596-0821 大阪府 岸和田市 小松里町2050	
2172	2176	1	92465071	寿司屋	松葉寿司	〒567-0803 大阪府 茨木市 中総持寺町5-10	
2176	2180	1	43054888	カフェ・喫茶店	合同会社CAFEandBAR結	〒531-0064 大阪府 大阪市北区 国分寺2丁目2-7-101	
2207	2211	1	37369190	居酒屋	うどん酒場　はちまん	〒536-0025 大阪府 大阪市城東区 森之宮1-6-111	
2311	2315	1	32136499	中華料理	中華料理999	〒578-0977 大阪府 東大阪市 鴻池徳庵町1-6ヒグチビル1階	
2378	2382	1	20265616	とんかつ屋	かつま森ノ宮店	〒540-0003 大阪府 大阪市中央区 森ノ宮中央1丁目16-20森ノ宮ビル1F	
2385	2389	1	57067891	寿司屋	鮨ほしやま	〒530-0002 大阪府 大阪市北区 曽根崎新地1ー9ー9谷安ロワビル3階	
2429	2433	1	61875853	焼肉	明洞カルビ	〒532-0024 大阪府 大阪市淀川区十三本町１丁目２４番２２号	
2516	2520	1	19635402	うどん	うどん忠雅堂	〒590-0505 大阪府 泉南市 信達大苗代1125-89	
2562	2566	1	57066749	中華料理	中央軒中津店	〒531-0071 大阪府 大阪市北区 中津１-５-１	
2641	2645	1	87744431	カフェ・喫茶店	rara bar	〒577-0818 大阪府 東大阪市 小若江4丁目2番10号	
2757	2761	1	28317641	スナック	MOMOHA	〒546-0023 大阪府 大阪市東住吉区 矢田二丁目１７番７号長居公園東レジャービル２階	
2795	2799	1	72559971	居酒屋	いざかや　とと	〒555-0001 大阪府 大阪市西淀川区 佃3-7-36　ウッドヴィレッジ佃1F	
2845	2849	1	54644086	居酒屋	酒処なかの	〒554-0012 大阪府 大阪市此花区 西九条2-5-18 山本ビル1F	
2876	2881	1	63212343	寿司屋	天佑すし	〒570-0011 大阪府 守口市 金田町5-16-13	
2899	2904	1	31325239	スナック	Funny me	〒530-0002 大阪府 大阪市北区 曽根崎新地1-6-32 司ビル3階	
2930	2935	1	86697882	スナック	Lua	〒569-0071 大阪府 高槻市 城北町2丁目13-15サンユーレジャービル501	
3007	3012	1	20867494	居酒屋	串かつ魂	〒590-0972 大阪府 堺市堺区 竜神橋町1-6-4	
3075	3080	1	34560237	カフェ・喫茶店	タンクロー	〒558-0011 大阪府 大阪市住吉区 苅田９－１５－６	
3147	3152	1	25549836	BAR	髭ぶん	〒542-0076 大阪府 大阪市中央区 難波4丁目5-7 プラザレスパル2階	
3213	3218	1	77534894	居酒屋	カラオケひまわり	〒557-0031 大阪府 大阪市西成区 鶴見橋1-1-8プラザ志ビル7花園3階	
3229	3234	1	19511508	うどん	立ち食いDEご麺やで	〒569-0814 大阪府 高槻市 富田町1-12-3富田みなとビル103	
3240	3245	1	37009043	和食	柚乃香	〒586-0016 大阪府 河内長野市 西代町3-10	
3272	3277	1	96101354	お好み焼	このみ亭	〒547-0033 大阪府 大阪市平野区平野西４丁目７番１２号	
3274	3279	1	74340632	居酒屋	木森食堂	〒532-0002 大阪府 大阪市淀川区 東三国 6丁目16番5号スタイルビュー東三国1F	
3309	3314	1	60853128	カフェ・喫茶店	大阪本町北御堂　Cafe　 Wien	〒541-0053 大阪府 大阪市中央区 本町4-1-7第2有楽ビルB1	
3323	3328	1	91604236	焼肉	焼肉レストラン威威	〒552-0001 大阪府 大阪市港区 波除3丁目8番20号	
3460	3465	1	27208469	ラウンジ	蓮	〒542-0083 大阪府 大阪市中央区東心斎橋 2-2-23パレス八幡3階	
3481	3486	1	83832453	寿司屋	吉田奴寿司	〒578-0903 大阪府 東大阪市 今米２丁目１番６号セントラルハイツ104号	
3521	3526	1	96186351	居酒屋	とり竹	〒578-0901 大阪府 東大阪市加納７丁目16番12号	
3660	3666	1	39950536	居酒屋	居酒屋たなちゃん	〒581-0869 大阪府 八尾市 桜ケ丘4丁目３４	
3814	3821	1	30379556	焼肉	ぷちゃん	〒596-0054 大阪府 岸和田市 宮本町2-1ニッシンビル2階	
4006	4013	1	65289396	中華料理	キラワレ餃子	〒553-0003 大阪府 大阪市福島区福島７丁目１１番５１号	
4276	4283	1	13523987	洋食（オムライス等）	NY DELI STYLE	〒530-0012 大阪府 大阪市北区 芝田1-1-3 B2F	
4283	4290	1	72596142	その他	笑顔	〒547-0016 大阪府 大阪市平野区 長吉長原2-1-2	
4313	4320	1	64249250	スナック	スナック愛	〒553-0006 大阪府 大阪市福島区吉野 2-13-7	
4361	4368	1	29435987	カフェ・喫茶店	肉カフェ千	〒535-0012 大阪府 大阪市旭区 千林2-10-27	
4401	4408	1	94478038	スナック	リトルキャット	〒558-0011 大阪府 大阪市住吉区 苅田2丁目15－10　長居パークハイツ103	
4432	4439	1	97233000	ラーメン	MONROE SEVEN	〒541-0056 大阪府 大阪市中央区 久太郎町2-5-18宝ビル1F	
4448	4455	1	70046537	カフェ・喫茶店	八百屋のたび	〒532-0003 大阪府 大阪市淀川区 宮原5-9-21マキシム東三国101	
4560	4567	1	20969359	洋食（オムライス等）	なかざき食堂	〒530-0015 大阪府 大阪市北区 中崎西2-4-20	
4682	4689	1	92398968	そば	盡	〒530-0035 大阪府 大阪市北区同心 ２丁目７の３ ベルンガーデン同心 １階	
4703	4710	1	56972443	ステーキハウス	ステーキ食堂BECOハービスプラザ梅田店	〒530-0001 大阪府 大阪市北区 梅田２－５－２５ハービスプラザＢ２Ｆ	
4845	4852	1	97748841	居酒屋	立ち呑み さんかく	〒541-0046 大阪府 大阪市中央区 平野町4-3-1 デルタカドビル1階	
4897	4904	1	72867971	BAR	カラオケ さんかく	〒541-0046 大阪府 大阪市中央区 平野町4-3-1 デルタカドビル3階	
4957	4964	1	91765982	居酒屋	あげもん馳走　春菜	〒577-0057 大阪府 東大阪市 足代1丁目11-2	
5015	5022	1	44443300	焼き鳥屋	炭火焼とりバル　八金	〒573-0032 大阪府 枚方市 岡東町25-9枚方ソノラ1F	
5179	5186	1	97100189	BAR	Bar Boys Be...	〒542-0083 大阪府 大阪市中央区 東心斎橋2-8-5	
5225	5232	1	55870217	和食	居酒屋ばす亭	〒579-8058 大阪府 東大阪市 神田町5-10フォーシーズンズコートビルB1	
5244	5251	1	26996244	和食	おばん菜Barいろは	〒581-0875 大阪府 八尾市 高安町南1-132	
5268	5275	1	76729173	焼肉	上六　焼肉JAPAN	〒543-0001 大阪府 大阪市天王寺区 上本町６丁目３番３１号	
5369	5376	1	90263197	焼き鳥屋	鶏プラザ中野くん	〒542-0083 大阪府 大阪市中央区東心斎橋２丁目６番２２号	
5423	5430	1	17442359	居酒屋	土間土間寝屋川市駅前	〒572-0837 大阪府 寝屋川市 早子町16-10 フロンテージ守口2F	
5569	5576	1	18592785	居酒屋	沖縄食堂　ハイサイ	〒543-0055 大阪府 大阪市天王寺区 悲田院町10-48 天王寺ミオ プラザ館 M2F	
5618	5625	1	17703215	焼き鳥屋	焼きとりのながひろ	〒557-0014 大阪府 大阪市西成区 天下茶屋３－２４－１	
5768	5775	1	54190548	居酒屋	福	〒547-0001 大阪府 大阪市平野区 加美北３丁目８番２６号	
5778	5785	1	69220621	BAR	Bar vivi	〒542-0083 大阪府 大阪市中央区 東心斎橋1-17-10心斎橋アフロディーテビル1階	
5804	5811	1	92540379	和食	おおがまや阪急十三店	〒532-0023 大阪府 大阪市淀川区 十三東2-8-10	
5877	5884	1	48909700	焼肉	ホルモン大和西九条本店	〒554-0012 大阪府 大阪市 此花区西九条3-16-24	
5941	5948	1	99982121	寿司屋	海鮮丸	〒556-0005 大阪府 大阪市浪速区 日本橋3-5-25高島屋東別館１階	
5947	5954	1	98407999	居酒屋	あだ川	〒595-0067 大阪府 泉大津市 小松町9-16	
6045	6052	1	85689895	カフェ・喫茶店	Cafe ONE	〒581-0095 大阪府 八尾市 田井中3-66-5	
6112	6119	1	17016612	居酒屋	山喜食堂	〒550-0014 大阪府 大阪市西区 北堀江１－９－１４　PANビル２F２A	
6128	6135	1	33087136	BAR	cafe&bar atelier sunrise	〒542-0071 大阪府 大阪市中央区道頓堀 2丁目1-8 ZELKOVA TRE 5F	
6275	6282	1	74517424	和食	阿波座食堂	〒550-0011 大阪府 大阪市西区 阿波座 1-15-15 阿波座食堂	
6433	6440	1	95992351	その他	un polpo	〒533-0004 大阪府 大阪市東淀川区 小松4-12-25	
6481	6488	1	94416323	カフェ・喫茶店	カフェマテリアル	〒573-1157 大阪府 枚方市 片鉾本町25-1	
6614	6622	1	92111681	中華料理	中国料理敦煌	〒596-0004 大阪府 岸和田市 荒木町1-13-1	
6677	6685	1	59768008	居酒屋	春穂	〒530-0053 大阪府 大阪市北区 末広町３番３１号	
6772	6780	1	42292714	ラーメン	麺や　よかにせ	〒532-0024 大阪府 大阪市淀川区 十三本町2-8-4	
6824	6832	1	52195927	その他	総合会館	〒556-0013 大阪府 大阪市浪速区 戎本町2-3-8	
6870	6878	1	29127762	スナック	FLOWER	〒530-0002 大阪府 大阪市北区 曽根崎新地一丁目７話３号	
7036	7044	1	43495965	居酒屋	いこい	〒536-0007 大阪府 大阪市城東区 成育1-2-13	
7089	7097	1	26836918	お好み焼	粉もん屋　とん平　豊中駅前店	〒560-0021 大阪府 豊中市 本町1丁目10-1　豊中第一ビル304	
7314	7322	1	27331854	BAR	No.B	〒542-0074 大阪府 大阪市中央区 千日前2-3-9 2階	
7424	7432	1	69106891	中華料理	餃子の王将鳳店	〒593-8324 大阪府 堺市西区 鳳東町5-456-1	
7492	7500	1	39042864	和食	味福	〒561-0832 大阪府 豊中市 庄内西町2-26-10	
7697	7705	1	60109603	居酒屋	moo	〒553-0003 大阪府 大阪市福島区 福島7-6-9アレックスビル2F	
7871	7879	1	39753220	串かつ屋	楽望	〒581-0003 大阪府 八尾市 本町７丁目2-20ハーモニーハウス102	
7909	7917	1	54978422	スナック	胡蝶蘭	〒532-0024 大阪府 大阪市淀川区十三本町1丁目 23-21	
8042	8050	1	95460335	居酒屋	炭火とワイン八尾店	〒581-0004 大阪府 八尾市 東本町３丁目５－７	
8149	8157	1	55697121	居酒屋	大海庵	〒577-0841 大阪府 東大阪市 足代2－7－27	
8199	8207	1	33625601	カフェ・喫茶店	台湾カステラ米米カフェ　なんばパークス店	〒556-0011 大阪府 大阪市浪速区 難波中	
8244	8252	1	96700947	ラーメン	鯛ラーメン銀次、ぷるっと。	〒577-0058 大阪府 東大阪市 足代北2-1-7布施セントラルビル１階	
8389	8397	1	76810517	BAR	SHOT BAR SMOKEY	〒543-0044 大阪府 大阪市天王寺区 国分町2ー8 グレイス国分町102号	
8429	8437	1	81920366	和食	まつり池田本店（サカエマチ デリ）	〒563-0056 大阪府 池田市栄町3-16 ｻｶｴﾏﾁ一番街	
8502	8510	1	88334495	スナック	snack ＹｕＫａi	〒567-0829 大阪府 茨木市 双葉町3-3ビター32ビル3F-A	
8557	8565	1	83186910	居酒屋	土間土間枚方店	〒573-1191 大阪府 枚方市 新町１丁目２番３号　枚方テイクツービル２Ｆ	
8590	8598	1	98113936	居酒屋	華嬉	〒561-0833 大阪府 豊中市 庄内幸町２－１９－１２	
8834	8842	1	92338399	スナック	シルクロード	〒590-0902 大阪府 堺市堺区 松屋大和川通2丁38番地	
9039	9047	1	21518821	カラオケ	べぇりーぐっどまん	〒552-0023 大阪府 大阪市港区 港晴3-2-5-5F	
9044	9052	1	74441392	居酒屋	すしや　コトブキツカサ　天満店	〒530-0033 大阪府 大阪市北区 池田町16-6レジュールアッシュ天神橋102号	
9050	9058	1	98815635	焼肉	しちりん焼肉 さんかく	〒541-0046 大阪府 大阪市中央区 平野町4-3-1 デルタカドビル2階	
9241	9249	1	62731246	ラーメン	とんこつラーメン無双	〒569-0812 大阪府 高槻市登美の里町２－２	
9285	9293	1	25977325	ラウンジ	ラウンジリーブル	〒530-0003 大阪府 大阪市北区 堂島１－１－２０　パールプラザビル２F	
9352	9360	1	27487006	その他	XOI QUAN	〒557-0016 大阪府 大阪市西成区 花園北2-6-20BS第七ハイツ1F	
9390	9398	1	48890186	ラーメン	けんちゃんち	〒581-0003 大阪府 八尾市 本町7-1-3	
9397	9405	1	29872381	寿司屋	山寿司	〒586-0018 大阪府 河内長野市 千代田南町1番3号	
9672	9680	1	36403245	和食	すし半　塚本店	〒555-0022 大阪府 大阪市西淀川区柏里 ２丁目1－20	
9724	9732	1	50258793	ラーメン	麺屋大羽住之江店	〒559-0007 大阪府 大阪市住之江区 粉浜西3-3-2	
9884	9892	1	27672338	居酒屋	居酒屋たかちゃん	〒583-0852 大阪府 羽曳野市 古市７丁目９－１１	
9892	9900	1	81395390	カフェ・喫茶店	コーヒーパブyaya	〒584-0023 大阪府 富田林市 若松町東2-6-2	
9958	9966	1	73739304	スナック	チャギヤ	〒583-0024 大阪府 藤井寺市 藤井寺1-1-3 フジビル3階	
10004	10012	1	41373831	居酒屋	ほろよい酒場ひびき	〒579-8055 大阪府 東大阪市 末広町１－２　サンシャイン瓢箪山１０５	
10075	10083	1	11956624	アジア料理	アノニマス	〒542-0083 大阪府 大阪市中央区 東心斎橋１丁目１７の１５ 丸清ビル５階B号	
10110	10118	1	49686401	スナック	黒	〒530-0027 大阪府 大阪市北区 堂山町16番４号パールレジャービル３階	
10125	10134	1	98420861	スナック	紅梅	〒557-0044 大阪府 大阪市西成区 玉出中1-10-10	
10167	10176	1	67041611	居酒屋	西村酒店（立飲処にしむら）	〒596-0005 大阪府 岸和田市 春木旭町8-31	
10405	10414	1	35631562	居酒屋	なにわキッチン夢家　森之宮店	〒537-0025 大阪府 大阪市東成区 中道1丁目2-15　ルモン森之宮103	
10424	10433	1	25647674	中華料理	珉珉茨木駅前店	〒567-0816 大阪府 茨木市 永代町9番1号	
10549	10558	1	29560255	居酒屋	呑み処おまつ	〒596-0044 大阪府 岸和田市 西之内町27-3フジ興産第一ビル105号	
10602	10611	1	46157068	クラブ	ＣＬＵＢ　ニュープリンス	〒544-0001 大阪府 大阪市生野区 新今里５－５－１７　今里新地プラザ３Ｆ	
10655	10664	1	41749105	フランス料理店	Mikan	〒530-0043 大阪府 大阪市北区 天満2-13-17サンハイム天満１階	
10715	10724	1	38705107	沖縄料理	でぃーだ	〒552-0014 大阪府 大阪市港区八幡屋3丁目12番24号	
10863	10872	1	14034883	うどん	吉兵衛　アル・プラザ枚方店	〒573-0127 大阪府 枚方市 津田元町1-4-1　アルプラザ枚方1F	
10904	10913	1	11541125	焼き鳥屋	焼鳥酒場　ヨシミヤ	〒598-0092 大阪府 泉南郡田尻町 吉見607－1	
10906	10915	1	69922688	居酒屋	ほっこり酒菜　あん	〒553-0007 大阪府 大阪市福島区大開１丁目１３番３号	
10933	10942	1	17453558	BAR	カフェ&BAR chat noir	〒542-0083 大阪府 大阪市中央区 東心斎橋2-4-19-B6玉屋町ギャラクシービル3号館	
11170	11179	1	82449259	中華料理	天力亭	〒546-0043 大阪府 大阪市東住吉区 駒川5-7-3	
11304	11314	1	96024323	ステーキハウス	OHMYBEEF天満橋	〒540-0032 大阪府 大阪市中央区 天満橋京町１番２１号長戸ビル１階	
11349	11359	1	37683996	BAR	BAR DUDE	〒596-0054 大阪府 岸和田市宮本町４０－３	
11425	11435	1	45178429	居酒屋	有限会社　いとや	〒577-0033 大阪府 東大阪市 御厨東2-10-14	
11642	11652	1	65177412	串かつ屋	串亭だいすけ	〒563-0032 大阪府 池田市 石橋2-2-3	
11682	11692	1	30545750	居酒屋	愛媛酒場丸富	〒531-0041 大阪府 大阪市北区 天神橋7-5-23	
11889	11899	1	92316892	BAR	g	〒542-0083 大阪府 大阪市中央区 東心斎橋2-6-20 日宝アポロ会館2F	
12003	12013	1	98479992	居酒屋	優華	〒557-0004 大阪府 大阪市西成区 萩之茶屋2-5-6	
12010	12020	1	34948923	スナック	スナックベルフール	〒532-0002 大阪府 大阪市淀川区 東三国1-23-9ナポリ東三国ビル	
12080	12090	1	79385184	居酒屋	鉄板焼　ラスモア	〒542-0083 大阪府 大阪市中央区 東心斎橋2丁目５－２５松利ビル地下１階	
12085	12095	1	31932502	焼き鳥屋	やきとり大吉青葉台店	〒594-1116 大阪府 和泉市 納花町285	
12136	12146	1	34565138	洋食（オムライス等）	紫山	〒571-0030 大阪府 門真市末広町 17-14-1	
12188	12198	1	50493354	鉄板焼き屋	okonomi	〒542-0083 大阪府 大阪市中央区 東心斎橋1-4-29東心斎橋ビル	
12214	12224	1	18600424	スナック	スナック星	〒569-0803 大阪府 高槻市 高槻町9-20　ブルーピア第一ビル　２０３号	
12366	12376	1	65124689	スナック	あつこの部屋	〒591-8023 大阪府 堺市北区 中百舌鳥町５丁803-3シュライクシャチビル101Ａ	
12386	12396	1	56444854	居酒屋	わっと	〒559-0011 大阪府 大阪市住之江区北加賀屋 2-7-11 タカスエハイツ 1階	
12545	12555	1	61370186	居酒屋	芭蕉布	〒532-0035 大阪府 大阪市淀川区 三津屋南3-3-11	
12547	12557	1	40396535	居酒屋	焼肉永楽	〒596-0025 大阪府 岸和田市 春木宮本町9-19	
12549	12559	1	26584512	スナック	スナックK子	〒532-0024 大阪府 大阪市淀川区 十三本町２－８－２１十三サーティーンプラザＫ号室	
12892	12902	1	32214939	BAR	BAR G.O.D	〒544-0001 大阪府 大阪市生野区 新今里５丁目５番１９号新今里安本ビル３Ａ	
12895	12905	1	51080376	スナック	わがまま	〒544-0001 大阪府 大阪市生野区 新今里3丁目9番10号ダイコーパパスビル1階	
13074	13084	1	94984486	フランス料理店	ローデヴィーニュ	〒530-0016 大阪府 大阪市北区 中崎3-2-25	
13278	13288	1	19106495	スナック	プチふじ本	〒538-0052 大阪府 大阪市鶴見区 横堤4-4-10	
13372	13383	1	50578357	BAR	ARAIRA2	〒561-0831 大阪府 豊中市 庄内東町2-2-8牧酒業ビル2F	
13714	13727	1	20762192	居酒屋	鶏将	〒547-0025 大阪府 大阪市平野区 瓜破西1丁目1番37号	
13794	13807	1	82066609	寿司屋	すし処つかさ	〒569-0826 大阪府 高槻市寿町 1-6-20	
13826	13839	1	90025412	和食	和楽家	〒546-0044 大阪府 大阪市東住吉区 北田辺6丁目3番23号	
13904	13917	1	43646260	カフェ・喫茶店	カラオケ喫茶Juju	〒551-0021 大阪府 大阪市大正区 南恩加島6-7-81階	
13995	14008	1	18740598	串かつ屋	串かつ３３３	〒556-0002 大阪府 大阪市浪速区 恵美須東3-5-8コーポサン1階	
14048	14061	1	62290672	洋食（オムライス等）	軽食エーボン	〒545-0023 大阪府 大阪市阿倍野区 王子町2－17－21	
14407	14421	1	89119880	カフェ・喫茶店	caffe　カエルちゃん　nakanoshima	〒530-0005 大阪府 大阪市北区 中之島3丁目1番2号	
14438	14452	1	18330600	居酒屋	居酒屋　明光	〒557-0003 大阪府 大阪市西成区 天下茶屋北1丁目1-11	
14535	14549	1	37323272	BAR	Lee	〒552-0016 大阪府 大阪市港区三先2丁目13番22号	
14668	14682	1	92778987	カレー屋	BAGAWAAN CURRY	〒542-0083 大阪府 大阪市中央区 東心斎橋１－１５－１－７F	
14813	14827	1	64679839	ファストフード	軽井沢フラットブレッズてんしばイーナ店	〒543-0063 大阪府 大阪市天王寺区 茶臼山町5-55　てんしばイーナ1階	
15360	15375	1	18004726	居酒屋	板前酒場　たか山	〒530-0001 大阪府 大阪市北区 梅田1-3-1-100大阪駅前第一ビル1階	
15651	15667	1	25840058	ファミリーレストラン	和食さと堺美原店	〒587-0022 大阪府 堺市美原区 平尾295-1	
15690	15706	1	54223566	その他	森田商店	〒550-0001 大阪府 大阪市西区 土佐堀3-3-15	
15840	15858	1	45587123	居酒屋	よってこ立ち呑みてくてく	〒542-0076 大阪府 大阪市中央区 難波1-5-8	https://www.facebook.com/tekuteku.nanba
15889	15907	1	50072016	居酒屋	よしや	〒530-0057 大阪府 大阪市北区 曽根崎１番６号大洋ビル１階	https://yoshinaka-co.com/shop-yoshiya.html
15938	15956	1	17591478	和食	まいどおおきに豊中北条町食堂	〒561-0812 大阪府 豊中市 北条町１丁目３６番３号	https://www.fujiofood.com/shop_search/shokudo/shop_1180.php
16023	16041	1	68100339	ファミリーレストラン	森のサーカス	〒553-0001 大阪府 大阪市福島区 海老江1-5-52イオンスタイル海老江2F	https://tabelog.com/osaka/A2701/A270108/27116981/
16069	16087	1	95726472	鉄板焼き屋	鉄板焼 もんじゃ焼 ひいろ 堺筋本町店	〒541-0057 大阪府 大阪市中央区 北久宝寺町1-8-14	https://search.yahoo.co.jp/amp/s/s.tabelog.com/osaka/A2701/A270106/27090275/top_amp/%3Fusqp%3Dmq331A
16160	16178	1	99679344	お好み焼	千房　西田辺店	〒545-0021 大阪府 大阪市阿倍野区 阪南町5-11-25 長生ビル1階	https://www.chibo.com/shop/list/detail.php?id=71
16268	16286	1	85459727	鍋料理	マリリンズキッチン	〒541-0043 大阪府 大阪市中央区 高麗橋1番地1-3-4　小池高麗橋ビル地下１階	https://www.hotpepper.jp/strJ000444707/
16277	16295	1	90954966	焼肉	焼肉舞牛	〒543-0028 大阪府 大阪市天王寺区 小橋町12-15エバーグリーン上本町108号	https://s.tabelog.com/osaka/A2701/A270205/27086893/
16298	16316	1	67350732	和食	ワダツミ	〒542-0076 大阪府 大阪市中央区 難波5丁目1番60号	https://tabelog.com/osaka/A2701/A270202/27107209/
16444	16462	1	93351760	その他	から揚げの天才ナインモール九条商店街店	〒550-0027 大阪府 大阪市西区 九条1-15-21１階・２階・３階	https://watamishopsearch.jp/detail/?id=2143
16470	16488	1	66816506	カフェ・喫茶店	10's CAFE 津田	〒573-0125 大阪府 枚方市 津田駅前1丁目13-10	https://kdku101.gorp.jp/
16647	16665	1	26968648	その他	畷の里食堂	〒575-0001 大阪府 四條畷市 砂２―１８―１８	http://nawate-onsen.com/
16662	16680	1	10399121	そば	そばよし　本町店	〒541-0054 大阪府 大阪市中央区 南本町３丁目６番１号タケモリビル１階	http://www.sobayoshi.com
16681	16699	1	90257430	焼肉	焼肉食堂かど家　寺田町店	〒544-0024 大阪府 大阪市生野区 生野西2-1-34　クラウンビル1F	
16736	16754	1	52920035	イタリア料理	THE PLACE	〒531-0075 大阪府 大阪市北区 大淀南1-1-16	http://the-place.jp/
16777	16795	1	56084048	その他	堺大阪祭典	〒599-8273 大阪府 堺市中区 深井清水町3776番地	www.osakasaiten.com/
16778	16796	1	89197428	居酒屋	フォーシーズン	〒563-0032 大阪府 池田市 石橋１－４－４	
16800	16818	1	72273532	居酒屋	串かつまつり　池田駅前店	〒563-0055 大阪府 池田市 菅原町２－４　藤川ビル１Ｆ	www.gear-inc.co.jp
16825	16843	1	92107091	イタリア料理	サイゼリヤカナートモール松原店	〒580-0044 大阪府 松原市 田井城1-1-1ｶﾅｰﾄﾓｰﾙ松原2F	https://www.saizeriya.co.jp/
16848	16866	1	25610191	イタリア料理	サイゼリヤ東鴻池店	〒578-0973 大阪府 東大阪市 東鴻池町3-4-12	https://www.saizeriya.co.jp/
16852	16870	1	30558408	イタリア料理	サイゼリヤ岸和田荒木店	〒596-0004 大阪府 岸和田市 荒木町1-33-8	https://www.saizeriya.co.jp/
16888	16906	1	67013517	天ぷら屋	天麩羅 はな天 鶴橋店	〒543-0024 大阪府 大阪市天王寺区 舟橋町18番5号	
16899	16917	1	14395366	イタリア料理	サイゼリヤ寝屋川池田店	〒572-0073 大阪府 寝屋川市 池田北町8-1	https://www.saizeriya.co.jp/
16900	16918	1	53568642	イタリア料理	サイゼリヤ長原インター店	〒547-0013 大阪府 大阪市平野区 長吉長原東3-1-62	https://www.saizeriya.co.jp/
16910	16928	1	46721285	イタリア料理	サイゼリヤ泉大津虫取店	〒595-0037 大阪府 泉大津市 虫取1-1-9	https://www.saizeriya.co.jp/
16919	16937	1	20625322	焼肉	ごえん	〒569-0803 大阪府 高槻市 高槻町１４番１号	https://goen-takatuki.owst.jp/
16941	16959	1	59253166	居酒屋	カラオケ居酒屋　舞姫	〒557-0002 大阪府 大阪市西成区 太子１－１１－１８	
16954	16972	1	54495627	スナック	とちじり	〒532-0024 大阪府 大阪市淀川区 十三本町1-24-23	http://www.tochijiri.com/
16980	16998	1	36191761	居酒屋	墨国回転鶏食堂　お初天神店	〒530-0057 大阪府 大阪市北区 曽根崎２丁目１３番３号ANビル1階	http://querico.jp/
16981	16999	1	31941499	イタリア料理	サイゼリヤ泉ヶ丘駅前店	〒590-0115 大阪府 堺市南区 茶山台1-2-1	https://www.saizeriya.co.jp/
17035	17053	1	68661305	その他	住之江ファミリーホール	〒559-0013 大阪府 大阪市住之江区 御崎3-7-8	
17118	17136	1	75636748	居酒屋	おかん	〒535-0011 大阪府 大阪市旭区 今市2-20-2	https://www.facebook.com/gyouza.okan/
17175	17193	1	39938922	その他	羽曳野ファミリーホール	〒583-0871 大阪府 羽曳野市 野々上2-12-2	
17286	17304	1	48426300	焼肉	七輪炭火焼肉丼専門店 のび太	〒542-0074 大阪府 大阪市中央区 千日前2丁目4-10 千日前建和ビル	http://www.nobita2020.com
17523	17541	1	23776616	カフェ・喫茶店	一心茶房	〒556-0016 大阪府 大阪市浪速区 元町1-2-22明星荘谷山アパート1号室	
17738	17756	1	31788638	お好み焼	お好み焼き　寿里	〒596-0004 大阪府 岸和田市 荒木町1丁目31-26	https://d-diner.net/management/juri.html
17776	17794	1	86771495	ラーメン	河内らーめん　喜神	〒534-0024 大阪府 大阪市都島区 東野田町2丁目1番38号京阪モールホテル館5階	https://www.kiraku-g.co.jp/
17793	17811	1	89313405	和食	スーパー銭湯ユーバス　守口店	〒570-0002 大阪府 守口市 佐太中町6丁目23-26	http://www.yu-bath.com
17859	17877	1	73511215	沖縄料理	長堀バル &	〒542-0083 大阪府 大阪市中央区 東心斎橋1-9-19ミトオリアートビル101	https://tabelog.com/osaka/A2701/A270201/27118343/
17913	17931	1	61834460	ハンバーグレストラン	ボストン　天満橋店	〒540-6591 大阪府 大阪市中央区大手前1丁目7番31号	http://boston01.com/
17989	18007	1	96000402	居酒屋	高槻トロたん	〒569-0802 大阪府 高槻市 北園町19-12	https://www.sakana-suki.com/torotan/
17999	18017	1	83519294	うどん	大衆うどん酒場　どん	〒565-0842 大阪府 吹田市 千里山東1-7-22	https://www.sakana-suki.com/udonsakaba-don/
18061	18079	1	28565370	和食	サガミ東大阪石切店	〒579-8027 大阪府 東大阪市 東山町3－4	https://www.sagami-holdings.co.jp/
18069	18087	1	92801520	中華料理	千里中央チャイナテーブル	〒560-0082 大阪府 豊中市 新千里東町1-5-3千里朝日阪急ビル22階	https://restaurant.washington.jp/osaka_senri/
18118	18136	1	96879814	居酒屋	酒パンつつみ	〒542-0081 大阪府 大阪市中央区 南船場1丁目13-15-204	
18297	18315	1	67401701	カフェ・喫茶店	Citea Fun	〒550-0004 大阪府 大阪市西区 靱本町3丁目7番11号	https://citeafun.crayonsite.net/
18416	18434	1	73931032	焼肉	肉の和　鶴見店	〒538-0035 大阪府 大阪市鶴見区 浜３丁目３－６	
18428	18446	1	31853264	鍋料理	雲丹鍋うに吉	〒531-0071 大阪府 大阪市北区 中津１丁目１３番１３号	http://uninabe.com/
18612	18632	1	80442239	中華料理	中国菜　優々	〒569-1144 大阪府 高槻市大畑町 3-9ジョイフルとんだ206	
18658	18678	1	24634504	居酒屋	屋台居酒屋大阪満マル　平野店	〒547-0046 大阪府 大阪市平野区 平野宮町1丁目1-1	https://osaka-manmaru.com/
18668	18688	1	61238761	寿司屋	回転寿司くろしお	〒580-0026 大阪府 松原市 天美我堂1-11-1	https://www.s-kuroshio.com/
18682	18702	1	91939537	アジア料理	STAND TIGER TIGER	〒553-0003 大阪府 大阪市福島区 福島３丁目１４ー８	https://tabelog.com/osaka/A2701/A270108/27118504/
18738	18758	1	79890779	居酒屋	地魚屋台とっつぁん　天三店	〒530-0041 大阪府 大阪市北区 天神橋３丁目３番２３号	https://tabelog.com/osaka/A2701/A270103/27060218/
18781	18801	1	89449066	ラーメン	麺屋DAIKOKU	〒593-8302 大阪府 堺市西区 北条町1-15-24	https://www.google.co.jp/amp/s/s.tabelog.com/osaka/A2705/A270501/27115147/top_amp/
18789	18809	1	97475534	居酒屋	和の輪	〒558-0011 大阪府 大阪市住吉区 苅田3丁目14-10	
18794	18814	1	34166970	居酒屋	串揚げ・焼き鳥ダイニング 串ろまん	〒560-0054 大阪府 豊中市 桜の町6-10-3  Tsビル B1階	https://www.kushiroman.net/
18834	18854	1	11015001	スペイン料理店	WINE&BEER 頂	〒550-0013 大阪府 大阪市西区 新町2-16-2　阪田ビル1F	https://foodplace.jp/winebeer-itadaki/
18899	18919	1	29883127	焼き鳥屋	やきとり大吉高槻病院前店	〒569-1115 大阪府 高槻市 古曽部町２－１８－３１	https://www.daikichi.co.jp/shop/osaka/2447.html
19148	19168	1	71493738	居酒屋	たのし家	〒547-0033 大阪府 大阪市平野区 平野西５－４－６	https://tanoshiya.net/
19213	19233	1	95346478	和食	すし半大東店	〒574-0028 大阪府 大東市 幸町3-3	https://www.sushihan.co.jp/
19580	19600	1	55078552	うどん	美々卯　新大阪店別館	〒532-0011 大阪府 大阪市淀川区 西中島5-16-1新大阪駅ビル1階	https://www.mimiu.co.jp/
19653	19674	1	63549007	串かつ屋	枚方大衆バルKAISEI	〒573-0032 大阪府 枚方市 岡東町22-12	https://akr0387996339.owst.jp/
19760	19781	1	38671806	洋食（オムライス等）	シード	〒541-0057 大阪府 大阪市中央区 北久宝寺町2-2-13マエダビル地下一階	https://tabelog.com/osaka/A2701/A270106/27091350/
19769	19790	1	46719681	その他	Billiards Cafe&Bar BRO	〒542-0081 大阪府 大阪市中央区 南船場4丁目11-22　YOCビル２階	https://xn--bro-ym4byb1fub2j.jp/
19789	19810	1	37193732	フランス料理店	cave du poireau	〒540-0029 大阪府 大阪市中央区 本町橋5-3	
19808	19829	1	13039680	カフェ・喫茶店	HANDSOME bot GARDEN	〒546-0034 大阪府 大阪市東住吉区 長居公園1-23	https://www.handsomebotgarden.com/
19839	19860	1	61283172	和食	料亭こもだ	〒583-0021 大阪府 藤井寺市 御舟町2-47	http://www.komoda4948.jp/
19888	19909	1	13982322	スナック	ヨンス	〒590-0946 大阪府 堺市堺区 熊野町東1丁2番20号 ジョイフルK　4D	https://snack-bar-4434.business.site/
20016	20037	1	15653690	洋食（オムライス等）	T.T.T.	〒531-0071 大阪府 大阪市北区 中津１丁目１２－１１	http://ttt-nakatsu.com/
20076	20097	1	18998916	カフェ・喫茶店	BOBCAFE	〒541-0058 大阪府 大阪市中央区 南久宝寺町１?５?１５　大阪久宝寺町卸連盟会館１F	https://www.facebook.com/bobcafeinfo
20123	20144	1	15536860	鍋料理	相撲料理志が　本町店	〒541-0053 大阪府 大阪市中央区 本町4-4-5ナカノビルB1	https://tabelog.com/osaka/A2701/A270106/27006183/
20170	20192	1	15951092	寿司屋	寿司赤酢　肉の匠	〒530-0004 大阪府 大阪市北区 堂島浜1?3?16 4F	https://tabelog.com/osaka/A2701/A270101/27118609/
20212	20234	1	98177137	BAR	TAKE ONE（テイクワン）	〒532-0002 大阪府 大阪市淀川区 東三国一丁目16-15樋口マンション１階	fb.me/Jazzbaron1224
20477	20499	1	28932523	スナック	マイバレリーナー	〒530-0003 大阪府 大阪市北区 堂島１－３－３９第２二葉ビル４０３号	
20528	20550	1	71380475	カフェ・喫茶店	Pop'n Fruit Cafe	〒530-0018 大阪府 大阪市北区 小松原町2番4号　大阪富国生命ビル19階	https://whity.osaka-chikagai.jp/shops/detail.php?shopId=410
20862	20884	1	98042363	その他	シェラトン都ホテル大阪  トップ オブ ミヤコ	〒543-0001 大阪府 大阪市天王寺区 上本町6-1-55	https://www.miyakohotels.ne.jp/osaka/restaurant/list/topofmiyako/index.html
20867	20889	1	21280638	フランス料理店	HATSU	〒530-0003 大阪府 大阪市北区 堂島1-4-20　第2ロイヤルビルディング1F	http://hatsu-osaka.jp
20958	20980	1	88561663	BAR	RAINCOAT	〒532-0023 大阪府 大阪市淀川区 十三東2-9-19古澤ビル5階	https://bar-raincoat.com/
21005	21027	1	73173292	串かつ屋	串料理北銀扇	〒530-0003 大阪府 大阪市北区 堂島1-3-4　谷安ビル1階	http://kitaginsen.p-kit.com/
21013	21035	1	72628309	BAR	MILE HIGH CLUB	〒542-0062 大阪府 大阪市中央区 上本町西5-3-9  ブルースタービル3F	https://twitter.com/1987MHC
21090	21112	1	48768623	イタリア料理	サイゼリヤ堺百舌鳥店	〒591-8032 大阪府 堺市北区 百舌鳥梅町2-3-1	https://www.saizeriya.co.jp/
21140	21162	1	11356446	中華料理	餃子の昇龍庵	〒557-0055 大阪府 大阪市西成区 千本南1-22-5	http://shouryuan.jp/
21203	21225	1	64086261	居酒屋	OKOGE　野田店	〒553-0005 大阪府 大阪市福島区 野田3丁目5-21	https://www.hotpepper.jp/strJ001260494/
21326	21348	1	73142891	和食	すし半住吉店	〒558-0041 大阪府 大阪市住吉区 南住吉1-26-13	https://www.sushihan.co.jp
21464	21486	1	37832978	カレー屋	カレーハウスCoCo壱番屋　中央区日本橋1丁目店	〒542-0073 大阪府 大阪市中央区 日本橋1丁目13番18号　若林ビル1階	https://www.ichibanya.co.jp/
21640	21662	1	31945377	キャバクラ	マイアミ	〒530-0057 大阪府 大阪市北区 曽根崎2-14-13 曽根崎河合ビル地下１階	https://ameblo.jp/bk20668097436/
21817	21839	1	78875768	鍋料理	通天閣もつ鍋屋 関目高殿店	〒535-0031 大阪府 大阪市旭区 高殿7丁目18番4号	https://dreamreality-group.co.jp/
22022	22044	1	53644932	和食	ごはん処ねこじた	〒560-0021 大阪府 豊中市 本町1-9-10マストメゾン豊中305号	Facebook nekojita
22385	22407	1	73194076	フランス料理店	サイゼリヤ茨木園田店	〒567-0825 大阪府 茨木市 園田町2-4 2F	https://www.saizeriya.co.jp/
22399	22421	1	96834900	居酒屋	キタハーマン	〒540-0039 大阪府 大阪市中央区 東高麗橋5-3 高麗橋双葉ビル1F	
22471	22493	1	93574221	インド料理	インドレストラン　ブッダガヤ　今里店	〒544-0001 大阪府 大阪市生野区 新今里3-3-7エトワールビル2A	https://tabelog.com/osaka/A2701/A270306/27123934/
22490	22512	1	28163960	鍋料理	健美宴	〒541-0047 大阪府 大阪市中央区 淡路町３丁目１番１号　泉栄ビル１階	https://www.kenbien.net/
22578	22600	1	96791014	その他	mu	〒540-0029 大阪府 大阪市中央区 本町橋５－２－B1F	https://mu-mexico-osaka.jimdofree.com/
22802	22824	1	42054799	洋食（オムライス等）	ポムの樹カフェ　ナンバなんなん店	〒542-0076 大阪府 大阪市中央区 難波5 なんなんタウン10号	
23083	23105	1	83534602	BAR	LIT	〒561-0802 大阪府 豊中市 曽根東町6-2-5-102	https://bar-navi.suntory.co.jp/shop/S000009905/
23187	23209	1	48835535	居酒屋	てんぷら酒場純	〒534-0025 大阪府 大阪市都島区 片町2-5-7ロッソ京橋３階	
23511	23533	1	59776519	居酒屋	星空居酒屋	〒534-0024 大阪府 大阪市都島区 東野田町1ー20ー4	
23545	23567	1	69581730	スナック	スナックAmi	〒530-0047 大阪府 大阪市北区 西天満６丁目９番２号ウィン西天満ビル４０２	
23720	23742	1	59310959	うどん	うどん一番	〒536-0021 大阪府 大阪市城東区 諏訪２丁目4-23	
23729	23751	1	29213763	カレー屋	カレー堂 難波店	〒556-0011 大阪府 大阪市浪速区 難波中2丁目2-21志ビル1F	currydou.com
23730	23752	1	67365154	居酒屋	居酒屋SAKURA	〒590-0028 大阪府 堺市堺区 三国ケ丘御幸通6 乾ビル一階	https://www.facebook.com/izakayasakura/
23848	73	職	11025954	その他	Natul~まるごとキッチン~	〒550-0002 大阪府 大阪市西区 江戸堀1-23-31	https://natul-osaka.com/
24071	296	職	53374270	カフェ・喫茶店	FlowerQuiche本店	〒545-0052 大阪府 大阪市阿倍野区 阿倍野筋1-1-61新宿ごちそうビル１F	https://peraichi.com/landing_pages/view/flowerquiche
24265	490	職	22581517	お好み焼	お好み焼　偶　大阪池田店	〒563-0014 大阪府 池田市 木部町２１２－1	
24284	509	職	68151722	BAR	BAR CrossRoad	〒573-1116 大阪府 枚方市 船橋本町2丁目54番1ファミール明和103号	
24650	875	職	47765319	居酒屋	海物焼　新島水産　福島店	〒553-0003 大阪府 大阪市福島区 福島5-6-13	
24747	972	職	34096067	焼肉	炭火焼肉心斎富田林店	〒584-0003 大阪府 富田林市 喜志新家町2-8-25	
24903	1128	職	65217927	沖縄料理	すし半松原三宅店	〒580-0046 大阪府 松原市 三宅中1-1-4	
25064	1289	職	97526977	ステーキハウス	百千兆	〒546-0022 大阪府 大阪市東住吉区 住道矢田5-1-29	
25128	1353	職	49470800	BAR	sabbath	〒562-0011 大阪府 箕面市 如意谷2丁目8-32-2F	
25170	1395	職	75012582	居酒屋	IZAKA-YA たご作　JR高槻店	〒569-0803 大阪府 高槻市 高槻町2-8	
25234	1459	職	78509851	その他	鉄燻CHOI	〒536-0016 大阪府 大阪市城東区 蒲生１丁目８番９号	http://dlv.jp
25495	1720	職	28203134	居酒屋	じゃりんこ	〒530-0041 大阪府 大阪市北区 天神橋６丁目５番３４号	https://retty.me/area/PRE27/ARE92/SUB62105/100001572742/
25501	1726	職	50768304	居酒屋	赤とんぼ	〒557-0002 大阪府 大阪市西成区 太子1-15-1	
25635	1860	職	36874660	居酒屋	どば屋・カレイヤー	〒541-0059 大阪府 大阪市中央区 博労町3-4-9	
25671	1896	職	63140288	中華料理	会元楼	〒530-0043 大阪府 大阪市北区 天満2丁目１４－７グリーンハウス天満１階	
25720	1945	職	95009050	BAR	CAFFE&BAR AKARI 	〒584-0005 大阪府 富田林市 喜志町3-9-1	
25725	1950	職	13776433	ラーメン	一風堂　箕面店	〒562-0024 大阪府 箕面市 粟生新家1-1-3	https://www.ippudo.com/
25788	2013	職	27627817	和食	旬豊作　米家　kome-ya	〒599-8237 大阪府 堺市中区 深井水池町3164 カサグランデ1階	sakai-komeya.com
25861	2086	職	98579124	その他	東大阪祭典	〒578-0956 大阪府 東大阪市 横枕西1-3	https://www.osakasaiten.com/kaikan/higasi.html
25901	2126	職	96922932	スナック	Ｊｕｌｉｅｔ	〒572-0085 大阪府 寝屋川市 香里新町26-3　レオンズビル305	
25982	2207	職	17936302	BAR	コナイト	〒541-0054 大阪府 大阪市中央区 南本町3-3-23 インペリアル船場206	https://conight.jp/
26072	2297	職	59280578	中華料理	餃子の王将日本橋でんでんタウン店	〒556-0005 大阪府 大阪市浪速区 日本橋５丁目１８番２５号アリタビル１階	https://www.osho.co.jp
26187	2412	職	24251347	焼き鳥屋	やきとり笑吉	〒573-0064 大阪府 枚方市 北中振2-1-17	
26362	2587	職	84693110	居酒屋	さかいえん弥	〒542-0082 大阪府 大阪市中央区 島之内1-21-11ル・シェルド島之内1階	tabelog.com/osaka/A2701/A270201/27102989/
26402	2627	職	91931228	フランス料理店	フリジェリオ	〒550-0015 大阪府 大阪市西区南堀江３丁目８番９号　プレミアム南堀江　１階	
26415	2640	職	64892961	その他	港大阪祭典	〒552-0013 大阪府 大阪市港区 福崎1丁目1番62号	
26451	2676	職	34394465	中華料理	紅紅火火	〒567-0816 大阪府 茨木市 永代町8-30大槻ビル一階北側	http://honhonhouhou.com/
26463	2688	職	96773803	BAR	Barジョーカー	〒530-0057 大阪府 大阪市北区 曽根崎1-7-13　レイソル曽根崎4階	
26486	2711	職	64280046	居酒屋	煮炊きすずなり	〒542-0083 大阪府 大阪市中央区 東心斎橋２丁目８－２１　日宝畳屋町会館１階	https://tabelog.com/osaka/A2701/A270201/27113140/
26598	2823	職	15789374	和食	旬彩 旨魯	〒545-0021 大阪府 大阪市阿倍野区 阪南町1-50-25	https://shunsai-shiro.net
26600	2825	職	19185409	和食	きよまさ食堂	〒538-0043 大阪府 大阪市鶴見区 今津南1-3-19	
26783	3008	職	82759838	BAR	BAR HEAVENSKITCHEN	〒534-0024 大阪府 大阪市都島区東野田町３丁目８番２号 吉川ビル　２階	http://heavens-kitchen.net/food-menu
26931	3156	職	35925432	カフェ・喫茶店	コーヒーハウス　芝	〒580-0025 大阪府 松原市 北新町1-1-25	
27022	3247	職	24946799	カラオケ	遊遊	〒570-0012 大阪府 守口市 大久保町4丁目３２－５	
27054	3279	職	92775696	BAR	ベーカリーカフェ&ワインバル　リタ&エム	〒560-0033 大阪府 豊中市 蛍池中町3丁目1-5構内連絡通路蛍池駅	
27058	3283	職	87657001	BAR	SHOTBAR2ndNOBU	〒530-0057 大阪府 大阪市北区 曽根崎2-5-37	https://www.facebook.com/profile.php?id=100037183071268
27137	3362	職	51994952	焼肉	焼肉れん	〒594-0081 大阪府 和泉市 葛の葉町2-1-7	
27189	3414	職	76526585	その他	平野大阪祭典ファミリーホール	〒547-0048 大阪府 大阪市平野区 平野馬場2-3-5	https://www.osakasaiten.com/kaikan/hirano.html
27192	3417	職	29411285	カラオケ	カラオケ喫茶ゆう	〒577-0816 大阪府 東大阪市 友井３－５－６	
27247	3472	職	75292155	アジア料理	オッテ	〒550-0014 大阪府 大阪市西区 北堀江1-22-21ヒフミヤビル1階	
27256	3481	職	63191024	焼肉	焼肉AG	〒542-0067 大阪府 大阪市中央区 松屋町10-18 リオン松屋町1階	
27332	3557	職	54541541	居酒屋	鮨べろ 枚方店	〒573-1191 大阪府 枚方市 新町1丁目2-10 テイクスリービル2F	
27720	150	2	44205925	居酒屋	Ｎ白木屋上本町駅前店	〒543-0001 大阪府 大阪市天王寺区 上本町6-7-2 上六三和会館 3階	
27812	242	2	78169059	居酒屋	楽膳きわき	〒552-0011 大阪府 大阪市港区南市岡 ３－１０－９	https://tabelog.com/osaka/A2701/A270401/27059936/
28572	1007	2	41193090	お好み焼	お好み焼　偶　船場丼池店	〒541-0056 大阪府 大阪市中央区 久太郎町３－４－１	http://www.okonomiyaki-gu.co.jp/
29260	1698	2	20893914	居酒屋	酒菜屋あかまる	〒567-0887 大阪府 茨木市 西中条町1-1ハタセviビル	https://www.hotpepper.jp/strJ000022473/
29636	2074	2	36077961	BAR	燦	〒532-0011 大阪府 大阪市淀川区 西中島３丁目13-5-6F	
29780	2218	2	46767605	和食	花満円出戸店	〒547-0015 大阪府 大阪市平野区 長吉長原西１丁目４番６号イオン長吉店１階	http://www.advancefoodservice.com/hanamanmaru2.html
30121	2559	2	88201818	カラオケ	カラオケ喫茶チャーミ	〒577-0835 大阪府 東大阪市 柏田西2-3-4	
30718	3158	2	99402938	カラオケ	SAM	〒552-0016 大阪府 大阪市港区 三先2-13-22-204 朝汐ギャラクシービル	
30894	3334	2	11865890	カフェ・喫茶店	フルーツパーラー+ベーカリーSeason&Co.	〒530-0011 大阪府 大阪市北区 大深町1-1 LINKS UMEDA1F	https://season-co.shop/
31078	3518	2	46524709	居酒屋	就美	〒542-0084 大阪府 大阪市中央区 宗右衛門町6-25日宝富士センター１階４号	
31100	3540	2	50360724	和食	まーちゃん	〒579-8051 大阪府 東大阪市 瓢箪山町2－3　	
31151	3591	2	90153862	焼肉	焼肉ばっちょ	〒597-0071 大阪府 貝塚市 加神1-4-26	
31163	3603	2	61455518	和食	kitchen BAR 川人	〒542-0076 大阪府 大阪市中央区 難波4-6-2ミューズビル3F	
31658	4099	2	49900521	居酒屋	デリシャスダイニングサカイ	〒590-0077 大阪府 堺市堺区 中瓦町2-3-22テクノ大徳ビル３F	
31831	4272	2	97489246	居酒屋	Dining居酒屋あいかつ	〒595-0032 大阪府 泉大津市 穴田57-1シネクティクス第２ビル	https://r.gnavi.co.jp/kwd0m5r20000/
31962	4403	2	61519254	串かつ屋	串かつ 活 天保山マーケットプレース店	〒552-0022 大阪府 大阪市港区 海岸通1-1-10天保山マーケットプレース2階	https://www.tsudasangyo.co.jp/kushikatsu
31971	4412	2	81898565	洋食（オムライス等）	FarD HEPファイブ店	〒530-0017 大阪府 大阪市北区 角田町5-15 HEPファイブ7階	https://www.tsudasangyo.co.jp/fard
32063	4504	2	52607461	洋食（オムライス等）	ベビーフェイスプラネッツ河内長野店	〒586-0021 大阪府 河内長野市 原町4丁目2-3	
32072	4513	2	26191972	ラウンジ	Lounge MOZU	〒590-0946 大阪府 堺市堺区 熊野町東１丁２番１２号　３０１号室	
32325	4768	2	98985658	居酒屋	庵	〒594-0071 大阪府 和泉市 府中町7-2-2	https://kushikatsu-iori.owst.jp/
32527	4970	2	31396429	スナック	スナックazure	〒558-0003 大阪府 大阪市住吉区 長居2丁目12番8号Fnネオプラザ長居301号	
33137	5580	2	64210736	焼肉	炭火ホルモン貴之助	〒542-0084 大阪府 大阪市中央区 宗右衛門町6-25日宝富士センター1F3号	
33386	5829	2	29658596	居酒屋	からたこ匠　本店	〒535-0031 大阪府 大阪市旭区 高殿６丁目１４番３２号	
34165	6608	2	39462472	イタリア料理	Trattoria Panja	〒573-0031 大阪府 枚方市 岡本町１１番８号	https://www.cafeco-foods.com/trattoriapanja
34627	7070	2	15031878	寿司屋	河島寿司	〒545-0011 大阪府 大阪市阿倍野区 昭和町１丁目４－３４	
34750	7193	2	22191477	イタリア料理	たんぽぽ	〒592-0012 大阪府 高石市 西取石３－５－１２	
34850	7293	2	22873769	BAR	RE SOCO	〒542-0086 大阪府 大阪市中央区 西心斎橋1-7-8 シンズ三角タワー6階	
34932	7375	2	52251521	和食	旬ごはんとお酒　三心	〒534-0024 大阪府 大阪市都島区 東野田町2丁目3番地5号パークサイドビル1F	
34941	7384	2	44204186	カフェ・喫茶店	BURN SIDE ST CAFE	〒530-0012 大阪府 大阪市北区 芝田１ー１ー３梅田阪急三番街北館地下２階	
35229	7672	2	78899610	居酒屋	福岡鮮魚卸直営店　ビストロ酒場ウオスケ	〒530-0011 大阪府 大阪市北区大深町1番1号	
35577	8021	2	85815832	そば	つけそば専門店五常　阪急三番街店	〒530-0012 大阪府 大阪市北区 芝田1-1-3 阪急三番街北館地下2階　101	
35626	8070	2	37987721	ラウンジ	Rラウンジ	〒570-0056 大阪府 守口市 寺内町2丁目9-26-2F	
35693	8137	2	71585737	和食	お食事処　みや	〒531-0073 大阪府 大阪市北区 本庄西2丁目1-7	
35696	8140	2	19532197	スナック	おばんざいスナック菜の香	〒542-0076 大阪府 大阪市中央区 難波4-3-16GTタウン1階	
35777	8221	2	32226052	中華料理	哇哇	〒563-0057 大阪府 池田市 槻木町７番８号	
36416	8861	2	72744827	カフェ・喫茶店	カフェバール　カバリエ難波店	〒542-0076 大阪府 大阪市中央区 難波４丁目１－１５	
36519	8964	2	35247414	ラウンジ	GRACE	〒530-0002 大阪府 大阪市北区 曽根崎新地1-3-30KOHADAビル4F404	
36907	9352	2	69742440	フランス料理店	ｋｎａｂｅｎ	〒550-0015 大阪府 大阪市西区 南堀江１丁目２６番１５号　エルザグレースタワー堀江	
37383	9830	2	48306289	居酒屋	鶏家　六角鶏　難波２号	〒556-0011 大阪府 大阪市浪速区 難波中１－１５－２３　難波清覚ビル	
37432	9879	2	63019779	ラーメン	ラーメンが好きです	〒558-0003 大阪府 大阪市住吉区 長居4-2-28-102	https://ramenlove2021.com
37590	10037	2	99692329	うどん	つるまる中之島店	〒530-0005 大阪府 大阪市北区 中之島4-3-37常安ビル1F	
37745	10192	2	45826596	中華料理	餃子酒場サブロー	〒572-0085 大阪府 寝屋川市 香里新町29-13	https://r.gnavi.co.jp/r18a9yjg0000/
38244	10691	2	23593866	イタリア料理	イル ピスタッキオ	〒567-0887 大阪府 茨木市 西中条町2-12	
38420	10867	2	14138650	天ぷら屋	揚げたて天ぷら　やぐら　イオン茨木店	〒567-0033 大阪府 茨木市 松ケ本町8-30　イオン茨木ショッピングセンター4階	https://www.sumibiyakiniku.com/shop12/saishu.php?shop_cd=00102
38542	10990	2	75554659	カフェ・喫茶店	タリーズコーヒー阪急石橋店	〒563-0032 大阪府 池田市 石橋2-18-1阪急石橋阪大前駅梅田行きホーム（改札内）	https://www.tullys.co.jp/
38747	11195	2	91880888	中華料理	芳龍	〒544-0023 大阪府 大阪市生野区 林寺2-20-12	
38947	11395	2	79852183	スナック	Felice     フェリーチェ	〒544-0014 大阪府 大阪市生野区 巽東1-1-35レーベンリーベ  1F	
39121	11569	2	31527884	スナック	夢心家	〒544-0011 大阪府 大阪市生野区 田島3-4-16	http://yumegokochi-karaokesunakku.jimdofree.com
39368	11816	2	13513443	スナック	カラオケあん	〒547-0004 大阪府 大阪市平野区 加美鞍作2-3-7	
39419	11867	2	10907179	スナック	ぶらうん	〒533-0004 大阪府 大阪市東淀川区 小松4丁目6--2　ハイツ上新小松1F	
39538	11986	2	15481914	カラオケ	カラオケきっさナイン	〒591-8021 大阪府 堺市北区 新金岡町5-3-125 辻野ビル103	
39580	12028	2	49130475	インド料理	インドレストラン　ブッダガヤ	〒537-0025 大阪府 大阪市東成区 中道1-9-18森ノ宮レジャービル402	https://tabelog.com/osaka/A2701/A270107/27123933/
39664	12112	2	10023678	その他	大分中津　からあげ とり福　虎目横丁店	〒542-0074 大阪府 大阪市中央区 千日前2丁目3番15号	
39688	12136	2	35792838	カフェ・喫茶店	カフェ チャオプレッソ×ピッツァコナ難波駅店	〒542-0076 大阪府 大阪市中央区 難波4-1-17	
39762	12210	2	63965329	ラウンジ	brotherhood	〒598-0007 大阪府 泉佐野市 上町3丁目11-4	http://cher-cp.jp/
39897	12345	2	28893551	イタリア料理	エーピッツァ　大阪京橋店	〒534-0024 大阪府 大阪市都島区 東野田町1-6-22 KIKI京橋１F	http://a-pizza.me
39917	12365	2	39507389	そば	焼酎 蕎麦や はやさき	〒541-0053 大阪府 大阪市中央区 本町4-7-15ﾀｳﾝｺｰﾄ本町	
40109	12557	2	45362777	寿司屋	スシロー　大東店	〒574-0044 大阪府 大東市 諸福8-2-20	https://www.akindo-sushiro.co.jp/shop/detail.php?id=2
40229	12677	2	51755256	焼肉	焼肉福寿園	〒533-0013 大阪府 大阪市東淀川区 豊里1-7-31	
40495	12944	2	49335772	スナック	みやび	〒559-0001 大阪府 大阪市住之江区 粉浜1-7-6　桃川レジャービル4F	
40611	13060	2	44970693	焼肉	焼肉ちょうしゅう	〒542-0084 大阪府 大阪市中央区 宗右衛門町1-21	http://yugafu-llc.com/yugafu/
40846	13296	2	51060000	焼肉	焼肉 ぶんちゃん	〒574-0046 大阪府 大東市 赤井2丁目5番26号	
41061	13511	2	40944718	鉄板焼き屋	塊肉酒場LOVE＆29西中島店	〒532-0011 大阪府 大阪市淀川区 西中島3丁目19番7号第1ユヤマビル1階	https://dreamreality-group.co.jp/about-us/list/
41131	13581	2	35888249	焼肉	炭火焼肉 くれない 蛍池店	〒560-0031 大阪府 豊中市 蛍池北町３丁目２－３業務スーパー２階	https://r.gnavi.co.jp/7nfx23tg0000/
41228	13678	2	30421349	ラーメン	京らーめん長崎ちゃんぽんシェフ	〒537-0011 大阪府 大阪市東成区 東今里２丁目２番４号	
41535	13985	2	72113061	スナック	はなび	〒544-0034 大阪府 大阪市生野区 桃谷４丁目４番９号１階	
41959	225	3	81430043	居酒屋	たこ焼き酒場たこ太　瓦町店	〒541-0048 大阪府 大阪市中央区 瓦町２丁目１番１２号	http://www.bf-g.co.jp/
42192	458	3	33714720	スナック	スナックシベール	〒571-0066 大阪府 門真市 幸福町24-7	
42283	549	3	76198290	BAR	シーズバーファースト	〒530-0027 大阪府 大阪市北区 堂山町7	
42807	1073	3	29326697	その他	ハイアットリージェンシー大阪内28階　サロン・パノラマ	〒559-0034 大阪府 大阪市住之江区 南港北１丁目１３番１１号	https://www.hyatt.com/ja-JP/hotel/japan/hyatt-regency-osaka/osaka/special-events
43180	1446	3	10432995	BAR	ボードゲームバーボーダレス	〒534-0024 大阪府 大阪市都島区 東野田町2丁目9-15山佐ビル6F	https://boardgamebarbl.com/
43268	1534	3	81287731	和食	山ひげ	〒530-0002 大阪府 大阪市北区 曽根崎新地１－２－４　谷安セストビル１Ｆ	http://yamahige.site/
43403	1669	3	14393994	BAR	Grande	〒530-0003 大阪府 大阪市北区 堂島１丁目２番２３号ベガアークビル４階４０１号	
43462	1728	3	68043320	スナック	モナリザ	〒530-0002 大阪府 大阪市北区 曽根崎新地1-9-12	
43751	2018	3	91913721	カフェ・喫茶店	からふね屋珈琲　箕面店	〒562-0043 大阪府 箕面市 桜井2-14-19	http://karafuneya.jp/
43919	2186	3	42578902	スナック	JEWELUNA	〒563-0032 大阪府 池田市 石橋２丁目１５番地３０リベラールプラザ２FC	https://q9dsq.crayonsite.net/p/2/
43949	2216	3	32609398	中華料理	蘭梅	〒598-0007 大阪府 泉佐野市 上町1-8-26	
44073	2340	3	18497769	洋食（オムライス等）	紫山	〒571-0030 大阪府 門真市 末広町17-14	
44211	2478	3	99022767	カフェ・喫茶店	からふね屋CAFEあべのキューズモール店	〒545-0052 大阪府 大阪市阿倍野区 阿倍野筋1丁目6-1　あべのキューズモール2F	http://karafuneya.jp/
45247	413	4	97875926	BAR	サニークラウズ	〒538-0052 大阪府 大阪市鶴見区 横堤4-11-6	
46001	139	5	32082213	天ぷら屋	てんぷら ぶん金	〒541-0041 大阪府 大阪市中央区 北浜３―２―２５京阪淀屋橋ビル地下	
46036	177	5	66622601	カフェ・喫茶店	PAN no HAKO	〒542-0085 大阪府 大阪市中央区 心斎橋筋1-4-1　あしたの箱ビル2F	www.pound-house.com
46041	182	5	16899955	カフェ・喫茶店	ネコリパブリック大阪熊取町店	〒590-0451 大阪府 泉南郡熊取町 野田3丁目2297-1	https://www.neco-republic.jp/shop/shop-necorepublic-kumatori/
46500	33	6	85805624	アジア料理	肉まる	〒542-0066 大阪府 大阪市中央区 瓦屋町２丁目１４番１３号 OHS瓦屋町第一ビル２０１	
46517	50	6	24560742	中華料理	TONTON亭	〒544-0004 大阪府 大阪市生野区 巽北３丁目２０番１６号	https://www.chu-ka.com/shop/340006/
46563	96	6	45760699	イタリア料理	オッキーニ	〒530-0003 大阪府 大阪市北区 堂島2-2-2近鉄堂島ビルB1	
46572	105	6	48322225	串かつ屋	串カツ　くらちゃん	〒583-0027 大阪府 藤井寺市 岡１丁目６－１７アゴスト９０　２階	
46600	133	6	27213850	焼き鳥屋	やきとり武	〒553-0003 大阪府 大阪市福島区 福島5-13-2 福島maruビル2階	
46642	176	6	25217516	焼き鳥屋	闘鶏　南船場店	〒542-0081 大阪府 大阪市中央区 南船場４－１０－１３福ビル２階	
46644	178	6	94469320	その他	さかえ屋	〒557-0042 大阪府 大阪市西成区 岸里東1丁目6-15	
46781	318	6	53938612	BAR	Little she	〒585-0035 大阪府 南河内郡河南町 寛弘寺179-10	
46875	412	6	84283538	スナック	のんーnonー	〒577-0058 大阪府 東大阪市 足代北２－１－７	
46910	448	6	88937277	居酒屋	Laughing Owl	〒570-0029 大阪府 守口市来迎町2-9	
46954	492	6	40761360	焼肉	焼肉屋　牛匠	〒542-0073 大阪府 大阪市中央区 日本橋2丁目5番5号	
47195	733	6	33092771	その他	ラムムのケバブ	〒545-0002 大阪府 大阪市阿倍野区 天王寺町南3丁目1番19号	
47233	771	6	45204981	BAR	Wellness Bar 立葵	〒553-0006 大阪府 大阪市福島区 吉野3-7-14	
47249	787	6	66607125	ラーメン	ちゃんぽん亭総本家	〒590-0535 大阪府 泉南市 りんくう南浜3-12 イオンモールりんくう泉南2F フードコート内	
47382	37	7	11488922	カフェ・喫茶店	タイマッサージカフェ２８	〒542-0071 大阪府 大阪市中央区 道頓堀1-1-11　フロントフォースビル東館2F	
47569	224	7	16944057	和食	とり料理まつもと	〒530-0047 大阪府 大阪市北区 西天満2-10-10ACN西天満ﾋﾞﾙ1階	
47605	260	7	22062833	カレー屋	Izumi Noodle	〒550-0023 大阪府 大阪市西区 千代崎2-9-2	
47806	461	7	26285298	カフェ・喫茶店	珈琲丸	〒577-0057 大阪府 東大阪市 足代新町4-12リアライズ布施ビル2階東側	
48017	672	7	77301624	スナック	K（キング）	〒578-0924 大阪府 東大阪市 吉田７丁目１番１２号パル東花園B１	
48101	756	7	93832799	カフェ・喫茶店	CAFE M	〒573-0076 大阪府 枚方市 東香里元町11-46	
48350	121	8	37514288	BAR	Barlounge  NARUMI	〒530-0003 大阪府 大阪市北区 堂島1丁目3番24号エスパス北新地20  4階B	
48407	178	8	99819618	中華料理	創作中華料理　江南灶 	〒542-0073大阪府 大阪市中央区 日本橋１丁目１０−１２　２F 	
48460	231	8	53250575	その他	COTOLIBA天美	〒580-0032 大阪府 松原市 天美東３丁目５００番地 セブンパーク天美	
48491	262	8	16946548	カフェ・喫茶店	creperie & drink Noahs ark	〒561-0832 大阪府 豊中市 庄内西町3丁目7-40三丁目広場	
48495	266	8	94685437	フランス料理店	ragout	〒530-0012 大阪府 大阪市北区芝田1丁目1番3号	
48499	270	8	56996937	焼き鳥屋	焼鳥・手羽唐つかさ屋	〒561-0832 大阪府 豊中市 庄内西町3-7-40三丁目広場-E号	
48500	271	8	12288873	中華料理	餃子の勝	〒561-0832 大阪府 豊中市 庄内西町3-7-40三丁目広場	
48522	293	8	61868375	カフェ・喫茶店	ヴィ・ド・フランス梅田阪急ビル店	〒530-0017 大阪府 大阪市北区 角田町8番1号　梅田阪急ビルディング15階	http://www.viedefrance.co.jp/
48658	429	8	26786964	居酒屋	BARいこい	〒542-0082 大阪府 大阪市中央区 島之内2-8-6	
48661	432	8	80542342	BAR	ダイニングバー　カルネ	〒554-0051 大阪府 大阪市此花区 酉島1-14-14	
48705	476	8	49670085	カフェ・喫茶店	サンルヴァンなんば店	〒542-0076 大阪府 大阪市中央区 難波5-1-60　なんばスカイオ2F	https://www.viedefrance.co.jp/
48747	518	8	59004210	その他	タコヤキUFO	〒537-0012 大阪府 大阪市東成区 大今里3-1-9	
48772	543	8	60105585	その他	カラオケキッチン	〒580-0021 大阪府 松原市 高見の里4ｰ5ｰ31松原ギャラクシービル502号室	
48788	559	8	27737173	カフェ・喫茶店	つつしたらぼ	〒576-0051 大阪府 交野市 倉治4-35-23	higuchiorder.jp
48792	563	8	76559580	居酒屋	マシッヌンニョソッドゥル	〒590-0076 大阪府 堺市堺区 北瓦町2−1−24 	
48844	615	8	34791312	BAR	HOG HAUS	〒557-0001 大阪府 大阪市西成区 山王3-9-24 山王プラザ　1A	
48910	681	8	62389421	クラブ	OWL OSAKA	〒530-0017 大阪府 大阪市北区 角田町5-1 梅田楽天地ビルB1	https://owl-osaka.net/
48941	712	8	76827857	カフェ・喫茶店	ヴィ・ド・フランス春木店	〒596-0006 大阪府 岸和田市 春木若松町14番6号　南海春木駅西改札前	https://www.viedefrance.co.jp/
48978	749	8	42095515	ラーメン	ラーメンはなてん　イオンモール日根野店	〒598-0021 大阪府 泉佐野市 日根野2496-1	
48981	752	8	96271376	ファストフード	ジェラフル　イオンモール日根野店	〒598-0021 大阪府 泉佐野市 日根野2496-1	
49400	337	9	78260006	居酒屋	ちょい呑み　旭翔	〒561-0832 大阪府 豊中市 庄内西町3-7-40	